Year,State,Rainfall_mm
2010,NSW/ACT,818.33
2011,NSW/ACT,665.7
2012,NSW/ACT,564.7
2013,NSW/ACT,462.22
2014,NSW/ACT,468.31
2015,NSW/ACT,541.73
2016,NSW/ACT,663.05
2017,NSW/ACT,456.43
2018,NSW/ACT,331.68
2019,NSW/ACT,251.49
2020,NSW/ACT,639.22
2021,NSW/ACT,721.25
2022,NSW/ACT,863.29
2023,NSW/ACT,432.38
2024,NSW/ACT,582.58
2010,QLD,1113.33
2011,QLD,824.36
2012,QLD,656.9
2013,QLD,485.67
2014,QLD,559.14
2015,QLD,492.45
2016,QLD,626.15
2017,QLD,550.11
2018,QLD,522.41
2019,QLD,483.87
2020,QLD,578.34
2021,QLD,675.05
2022,QLD,779.97
2023,QLD,694.84
2024,QLD,770.36
2010,SA,360.71
2011,SA,341.79
2012,SA,171.12
2013,SA,188.88
2014,SA,197.04
2015,SA,191.57
2016,SA,355.56
2017,SA,232.46
2018,SA,166.44
2019,SA,82.31
2020,SA,223.06
2021,SA,219.2
2022,SA,312.15
2023,SA,196.07
2024,SA,217.46
2010,WA,333.1
2011,WA,596.12
2012,WA,383.7
2013,WA,402.05
2014,WA,400.85
2015,WA,352.72
2016,WA,411.14
2017,WA,472.55
2018,WA,370.85
2019,WA,177.54
2020,WA,373.86
2021,WA,366.82
2022,WA,418.12
2023,WA,330.4
2024,WA,473.72
2010,VIC,852.75
2011,VIC,785.68
2012,VIC,620.35
2013,VIC,604.31
2014,VIC,546.67
2015,VIC,499.44
2016,VIC,778.19
2017,VIC,615.39
2018,VIC,485.55
2019,VIC,467.4
2020,VIC,670.33
2021,VIC,698.09
2022,VIC,872.05
2023,VIC,629.39
2024,VIC,528.26
